<?xml version="1.0" encoding="utf-8"?>
<modification>
  <name><![CDATA[<b style="color:#1a8cff">Calculator </b>button]]></name>
  <code>Calculator-Button</code>
  <version>1.0</version>
  <author><![CDATA[<span class="label label-primary">Webxperia</span>]]></author>
  <link>https://github.com/webxperia</link>
  
  	<file path="admin/view/template/common/header.twig">
		<operation error="skip">
			<search><![CDATA[<ul class="nav navbar-nav navbar-right">]]></search>
			<add position="after"><![CDATA[
	  <li style="padding: 13px 10px 11px 10px;">
		<div class="btn-group">
	<a href="title="Click to open" 
 onclick="window.open('https://50um3n.github.io/google-calculator/?do=pop','Sale Price Calculator','width=430,height=410,toolbar=no,menubar=no,scrollbars=yes,resizable=yes');return false;
" class="btn btn-default"><i class="fa fa-calculator fa-lg" style="color: #3c8dbc;"></i> calculator</a>
			</button>
		</div>
	  </li>
		]]></add>
		</operation>
	</file>

</modification>